
insert into products (product_id, discount_id, inventory_id, name, brand, price, status, scent_type, date_produced) values ('1bc9adfd-cd19-4d6e-9b62-f0e952569141', '672cf826-4d9d-41cd-a6b6-fa1815783b5f', 'd846a5a7-2e1c-4c79-809c-4f3f471e826d', 'Black Opium', 'Yves Saint-Laurent', 179.18, 'IN_STOCK', 'Warm', '2020-08-29');
insert into products (product_id, discount_id, inventory_id, name, brand, price, status, scent_type, date_produced) values ('f866f1b2-032d-41ff-8569-fbcc801c4900', '0688f12c-8990-42c5-af0e-4c7ae767feff', '13b581aa-1fcf-4d80-b8ab-68a9c791a299', 'Dior', 'Miss Dior', 62.07, 'IN_STOCK', 'Warm Floral', '2022-10-13');
insert into products (product_id, discount_id, inventory_id, name, brand, price, status, scent_type, date_produced) values ('8cc7273a-3e5c-450b-b0a5-13878fb8207b', '5c778bb5-fc23-4dba-a0e4-4c02e5a99e1c', '738b8076-c39f-4fcb-b5f5-baac20324c48', 'Eros', 'Voolith', 155.97, 'IN_STOCK', 'Versace', '2021-07-30');
insert into products (product_id, discount_id, inventory_id, name, brand, price, status, scent_type, date_produced) values ('0fd51137-26d8-45f0-aae2-5c519620f125', '672cf826-4d9d-41cd-a6b6-fa1815783b5f', '8e3a6d07-4e4f-4210-b360-15b85175ae08', 'Obssession', 'Calvin Klein', 19.76, 'OUT_OF_STOCK', 'Sweet Amber', '2018-11-19');
insert into products (product_id, discount_id, inventory_id, name, brand, price, status, scent_type, date_produced) values ('d8dcdbab-34d3-44aa-b3e3-71a4f3bbe87c', '2f115d8b-5f71-414e-99a1-e6fe4037ca14', '1052c96b-6ea1-4822-bb89-67c590a29925', 'Flora Gorgeous', 'Gucci', 94.82, 'OUT_OF_STOCK', 'Floral', '2022-06-03');
insert into products (product_id, discount_id, inventory_id, name, brand, price, status, scent_type, date_produced) values ('84593964-a172-42dc-9f19-fb00a0d5dcbf', '5f9adce2-818a-40db-9588-bf48d075892c', 'b6d5a443-8a03-4778-bf54-49961863dd5e', 'Coach', 'Coach', 67.66, 'OUT_OF_STOCK', 'Sweet Woods', '2022-05-30');
insert into products (product_id, discount_id, inventory_id, name, brand, price, status, scent_type, date_produced) values ('9b3654b2-2591-45ae-9854-5c1247ba513f', '5c778bb5-fc23-4dba-a0e4-4c02e5a99e1c', '31d81e8f-ee80-4641-a6df-2d0466a768b2', 'Flowerbomb', 'Viktor&Rold', 157.2, 'IN_STOCK', 'Floral', '2019-06-05');
insert into products (product_id, discount_id, inventory_id, name, brand, price, status, scent_type, date_produced) values ('c1650340-04c6-4200-8b75-a641ccaff90d', '0688f12c-8990-42c5-af0e-4c7ae767feff', 'f7db1606-bb64-4bbc-b96c-df02980a631e', 'Born in Roma', 'Valentino', 125.15, 'OUT_OF_STOCK', 'Fruity Floral', '2023-12-25');
insert into products (product_id, discount_id, inventory_id, name, brand, price, status, scent_type, date_produced) values ('b3af9b91-db94-4e9e-ae63-aa382b442eb3', '282b6579-2f3d-4758-b7b8-f6ddd838ad8e', 'fd82210a-27c9-401f-bcba-9878e1a3d880', 'Glossier You', 'Glossier', 140.81, 'OUT_OF_STOCK', 'Warm & Sheer', '2022-11-03');
insert into products (product_id, discount_id, inventory_id, name, brand, price, status, scent_type, date_produced) values ('1e3ead90-334d-4293-b961-7903f5d47599', '282b6579-2f3d-4758-b7b8-f6ddd838ad8e', '4660bedc-acbb-4fd4-b044-78aa17cc7602', 'Tommy Hilfinger', 'Tommy Hilfinger', 92.7, 'IN_STOCK', 'Citrus', '2023-01-15');

insert into inventories (inventory_id, last_inventory_update) values ('13b581aa-1fcf-4d80-b8ab-68a9c791a299', '2018-11-19');
insert into inventories (inventory_id, last_inventory_update) values ('738b8076-c39f-4fcb-b5f5-baac20324c48', '2022-04-09');
insert into inventories (inventory_id, last_inventory_update) values ('8e3a6d07-4e4f-4210-b360-15b85175ae08', '2020-08-29');
insert into inventories (inventory_id, last_inventory_update) values ('1052c96b-6ea1-4822-bb89-67c590a29925', '2021-03-06');
insert into inventories (inventory_id, last_inventory_update) values ('b6d5a443-8a03-4778-bf54-49961863dd5e', '2021-07-30');
insert into inventories (inventory_id, last_inventory_update) values ('31d81e8f-ee80-4641-a6df-2d0466a768b2', '2022-11-29');
insert into inventories (inventory_id, last_inventory_update) values ('f7db1606-bb64-4bbc-b96c-df02980a631e', '2021-05-27');
insert into inventories (inventory_id, last_inventory_update) values ('fd82210a-27c9-401f-bcba-9878e1a3d880', '2023-12-25');
insert into inventories (inventory_id, last_inventory_update) values ('4660bedc-acbb-4fd4-b044-78aa17cc7602', '2021-06-06');
insert into inventories (inventory_id, last_inventory_update) values ('1bba9f36-7f60-4817-bad8-5009ce35f1f3', '2023-12-28');



insert into discounts (discount_id, sale_percent, new_prices, sale_status) values ('672cf826-4d9d-41cd-a6b6-fa1815783b5f', 20, 122.32, 'SALE');
insert into discounts (discount_id, sale_percent, new_prices, sale_status) values ('0688f12c-8990-42c5-af0e-4c7ae767feff', 65, 112.9, 'SALE');
insert into discounts (discount_id, sale_percent, new_prices, sale_status) values ('5c778bb5-fc23-4dba-a0e4-4c02e5a99e1c', 38, 143.33, 'NOT_ON_SALE');
insert into discounts (discount_id, sale_percent, new_prices, sale_status) values ('4a492173-f385-4700-ae27-6c038daf8517', 27, 74.04, 'NOT_ON_SALE');
insert into discounts (discount_id, sale_percent, new_prices, sale_status) values ('2f115d8b-5f71-414e-99a1-e6fe4037ca14', 31, 172.4, 'NOT_ON_SALE');
insert into discounts (discount_id, sale_percent, new_prices, sale_status) values ('5f9adce2-818a-40db-9588-bf48d075892c', 23, 104.11, 'SALE');
insert into discounts (discount_id, sale_percent, new_prices, sale_status) values ('282b6579-2f3d-4758-b7b8-f6ddd838ad8e', 60, 88.81, 'NOT_ON_SALE');
insert into discounts (discount_id, sale_percent, new_prices, sale_status) values ('bdc3885e-a73f-4cff-a749-8a1bc5e471a2', 30, 110.30, 'SALE');
insert into discounts (discount_id, sale_percent, new_prices, sale_status) values ('1053453f-2006-47d5-9231-f1693a5931e4', 10, 50.00, 'SALE');
insert into discounts (discount_id, sale_percent, new_prices, sale_status) values ('a9305277-4332-4bcb-a73e-8d0f384b95d8', 80, 20.00, 'NOT_ON_SALE');
